000,SCHA
AAC,HEAR
AAE,DABB
AAF,KAAF
AAL,EKYT
AAN,OMAL
AAQ,URKA
AAR,EKAH
AAX,SBAX
AAY,OYGD
ABA,UNAA
ABC,LEAB
ABD,OIAA
ABE,KABE
ABI,KABI
ABJ,DIAP
ABM,YBAM
ABQ,KABQ
ABR,KABR
ABS,HEBL
ABT,OEBA
ABV,DNAA
ABX,YMAY
ABY,KABY
ABZ,EGPD
ACA,MMAA
ACB,KACB
ACC,DGAA
ACE,GCRR
ACK,KACK
ACN,MMCC
ACP,OITM
ACT,KACT
ACV,KACV
ACY,KACY
ACZ,OIZB
ADA,LTAF
ADB,LTBJ
ADD,HAAB
ADE,OYAA
ADF,LTCP
ADI,FYAR
ADJ,OJAM
ADK,PADK
ADL,YPAD
ADM,KADM
ADQ,PADQ
ADS,KADS
ADT,KADH
ADU,OITL
ADW,KADW
ADX,EGQL
ADZ,SKSP
AEH,FTTC
AEO,GQNA
AEP,SABE
AER,URSS
AES,ENAL
AEU,OIBA
AEX,KAEX
AEY,BIAR
AFA,SAMR
AFL,SBAT
AFO,KAFO
AFW,KAFW
AFY,LTAH
AGA,GMAD
AGC,KAGC
AGF,LFBA
AGH,ESDB
AGP,LEMG
AGQ,LGAG
AGR,VIAG
AGS,KAGS
AGT,SGES
AGU,MMAS
AGV,SVAC
AHB,OEAB
AHC,KAHC
AHD,
AHN,KAHN
AHO,LIEA
AHU,GMTA
AIA,KAIA
AID,KAID
AIK,KAIK
AIZ,KAIZ
AJA,LFKJ
AJF,OESK
AJI,LTCO
AJR,ESNX
AJU,SBAR
AJY,DRZA
AKC,KAKR
AKF,HLKF
AKH,OEPS
AKJ,RJEC
AKL,NZAA
AKN,PAKN
AKO,KAKO
AKR,DNAK
AKT,LCRA
AKX,UATT
AKY,VYSW
AL3,KMDQ
ALA,UAAA
ALB,KALB
ALC,LEAL
ALE,    
ALF,ENAT
ALG,DAAG
ALH,YABA
ALI,KALI
ALJ,FAAB
ALM,KALM
ALN,KALN
ALO,KALO
ALP,OSAP
ALS,KALS
ALW,KALW
ALX,KALX
ALY,HEAX
AMA,KAMA
AMD,VAAH
AMI,WRRA
AMK,    
AMM,OJAI
AMN,KAMN
AMQ,WAPP
AMS,EHAM
AMW,KAMW
ANB,KANB
ANC,PANC
AND,KAND
ANE,LFJR
ANF,SCFA
ANG,LFBU
ANI,PANI
ANK,LTAD
ANS,SPHY
ANU,TAPA
ANW,KANW
ANX,ENAN
AOC,EDAC
AOH,KAOH
AOI,LIPY
AOJ,RJSA
AOK,LGKP
AOL,SARL
AOO,KAOO
AOR,WMKA
APA,KAPA
APC,KAPC
APF,KAPF
APG,KAPG
APL,FQNP
APN,KAPN
APS,SWNS
APV,KAPV
APW,NSFA
APZ,
AQA,SBAQ
AQI,OEPA
AQJ,OJAQ
AQP,SPQU
AR1,KRUE
ARA,KARA
ARG,KARG
ARH,ULAA
ARI,SCAR
ARK,HTAR
ARM,YARM
ARN,ESSA
ART,KART
ARV,KARV
ARW,LRAR
ASA,HHSB
ASB,UTAA
ASE,KASE
ASF,URWA
ASH,KASH
ASI,FHAW
ASJ,RJKA
ASK,DIYO
ASL,KASL
ASM,HHAS
ASN,KASN
ASP,YBAS
ASQ,    
ASR,LTAU
AST,KAST
ASU,SGAS
ASW,HESN
ASX,KASX
ATA,SPHZ
ATC,MYCA
ATF,SEAM
ATH,LGAV
ATL,KATL
ATM,SBHT
ATQ,VIAR
ATR,GQPA
ATS,KATS
ATW,KATW
ATY,KATY
ATZ,HEAT
AUA,TNCA
AUC,SKUC
AUF,LFLA
AUG,KAUG
AUH,OMAA
AUO,KAUO
AUR,LFLW
AUS,KAUS
AUX,SWGN
AUZ,KARR
AVB,LIPA
AVI,MUCA
AVK,ZMAH
AVL,KAVL
AVN,LFMV
AVO,KAVO
AVP,KAVP
AVV,YMAV
AVW,KAVQ
AWK,PWAK
AWM,KAWM
AWZ,OIAW
AXD,LGAL
AXM,SKAR
AXN,KAXN
AXP,MYAP
AXS,KAXS
AXT,RJSK
AXV,KAXV
AXX,KAXX
AYP,SPHO
AYQ,YAYE
AYS,KAYS
AYT,LTAI
AYX,KAYX
AZ3,KGEU
AZD,OIYY
AZO,KAZO
AZR,DAUA
BAB,KBAB
BAD,KBAD
BAF,KBAF
BAG,RPUB
BAH,OBBI
BAK,UBBB
BAL,LTCJ
BAM,KBAM
BAQ,SKBQ
BAT,SBBT
BAX,UNBB
BAY,LRBM
BBA,SCBA
BBC,
BBI,VEBS
BBK,FBKE
BBM,VDBG
BBO,HCMI
BBT,FEFT
BBU,LRBS
BCA,MUBA
BCD,RPVB
BCE,KBCE
BCH,WPEC
BCM,LRBC
BCN,LEBL
BCT,KBCT
BDA,TXKF
BDB,YBUD
BDE,KBDE
BDG,KBDG
BDH,OIBL
BDJ,WRBB
BDL,KBDL
BDM,LTBG
BDO,WIIB
BDQ,VABO
BDS,LIBR
BDT,FZFD
BDU,ENDU
BEB,EGPL
BEC,KBEC
BED,KBED
BEF,MNBL
BEG,LYBE
BEH,KBEH
BEL,SBBE
BEN,HLLB
BES,LFRB
BET,PABE
BEW,FQBR
BEX,EGUB
BEY,OLBA
BFD,KBFD
BFF,KBFF
BFI,KBFI
BFK,KBKF
BFL,KBFL
BFM,KBFM
BFN,FABL
BFO,FVCZ
BFS,EGAA
BFT,KNBC
BFV,VTUO
BFX,FKKU
BGA,SKBG
BGD,KBGD
BGE,KBGE
BGF,FEFF
BGI,TBPB
BGM,KBGM
BGO,ENBR
BGR,KBGR
BGY,LIME
BH1,OBBS
BHB,KBHB
BHD,EGAC
BHH,OEBH
BHI,SAZB
BHJ,VABJ
BHK,UTSB
BHM,KBHM
BHO,VABP
BHQ,YBHI
BHS,YBTH
BHU,VABV
BHV,OPBW
BHX,EGBB
BIA,LFKB
BIE,KBIE
BIF,KBIF
BIH,KBIH
BIK,WABB
BIL,KBIL
BIO,LEBB
BIQ,LFBZ
BIR,VNVT
BIS,KBIS
BIX,KBIX
BIY,FABE
BJA,DAAE
BJB,OIMN
BJC,KBJC
BJI,KBJI
BJJ,KBJJ
BJL,GBYD
BJM,HBBA
BJR,HABD
BJV,LTFE
BJX,MMLO
BJZ,LEBZ
BKE,KBKE
BKH,PHBK
BKI,WBKK
BKK,VTBD
BKL,KBKL
BKO,GABS
BKQ,YBCK
BKS,WIPL
BKW,KBKW
BKX,KBKX
BKY,FZMA
BLA,SVBC
BLE,ESSD
BLH,KBLH
BLI,KBLI
BLJ,DABT
BLK,EGNH
BLL,EKBI
BLM,KBLM
BLQ,LIPE
BLR,VOBG
BLT,YBTR
BLV,KBLV
BLZ,FWCL
BMA,ESSB
BMC,KBMC
BME,YBRM
BMG,KBMG
BMI,KBMI
BML,KBML
BMU,WRRB
BMV,VVBM
BNA,KBNA
BND,OIKB
BNE,YBBN
BNG,KBNG
BNI,DNBE
BNK,YBNA
BNL,KBNL
BNO,KBNO
BNP,OPBN
BNS,SVBI
BNX,LQBK
BOD,LFBD
BOG,SKBO
BOH,EGHH
BOI,KBOI
BOJ,LBBG
BOM,VABB
BON,TNCB
BOO,ENBO
BOP,FEFO
BOS,KBOS
BOU,LFLD
BOW,KBOW
BOY,DFOO
BPC,FKKV
BPG,SBBW
BPI,KBPI
BPN,WRLL
BPS,SBPS
BPT,KBPT
BQH,EGKB
BQK,KBQK
BQN,TJBQ
BQS,UHBB
BQT,UMBB
BRA,SNBR
BRC,SAZS
BRD,KBRD
BRE,EDDW
BRI,LIBD
BRK,YBKE
BRL,KBRL
BRM,SVBM
BRO,KBRO
BRQ,LKTB
BRS,EGGD
BRU,EBBR
BRW,PABR
BRX,MDBH
BRY,KBRY
BSB,SBBR
BSG,FGBT
BSQ,
BSR,ORMM
BTH,WIKB
BTH,WIDD
BTJ,WITT
BTK,UIBB
BTL,KBTL
BTM,KBTM
BTN,KBBP
BTR,KBTR
BTS,LZIB
BTV,KBTV
BTY,KBTY
BUA,AYBK
BUD,LHBP
BUF,KBUF
BUG,FNBG
BUJ,DAAD
BUQ,FVBU
BUR,KBUR
BUX,FZKA
BUZ,OIBB
BVA,LFOB
BVB,SBBV
BVH,SBVH
BVO,KBVO
BVS,SNVS
BVX,KBVX
BVY,KBVY
BWA,VNBW
BWB,YBWX
BWD,KBWD
BWE,EDVE
BWG,KBWG
BWH,WMKB
BWI,KBWI
BWN,WBSB
BWT,YWYY
BXA,KBXA
BXE,GOTB
BXH,UAAH
BXR,OIKM
BXS,
BXU,RPME
BYG,KBYG
BYH,KBYH
BYK,DIBK
BYM,MUBY
BYN,ZMBH
BZE,MZBZ
BZG,EPBY
BZI,LTBF
BZK,UUBP
BZL,VGBR
BZN,KBZN
BZR,LFMU
BZU,FZKJ
BZV,FCBB
BZZ,EGVN
CAB,FNCA
CAC,SBCA
CAD,KCAD
CAE,KCAE
CAF,SWCA
CAG,LIEE
CAI,HECA
CAJ,SVCN
CAK,KCAK
CAL,EGEC
CAN,ZGGG
CAS,GMMC
CAU,SNRU
CAW,SBCP
CAX,EGNC
CAY,SOCA
CBB,SLCB
CBD,VOCX
CBE,KCBE
CBG,EGSC
CBK,KCBK
CBL,SVCB
CBM,KCBM
CBO,RPMC
CBQ,DNCA
CBR,YSCB
CBS,
CBU,EDCD
CCF,LFMK
CCJ,VOCL
CCK,YPCC
CCP,SCIE
CCR,KCCR
CCS,SVMI
CCU,VECC
CCX,SWKC
CCZ,MYBC
CDB,PACD
CDC,KCDC
CDG,LFPG
CDH,KCDH
CDJ,SBAA
CDN,KCDN
CDR,KCDR
CDS,KCDS
CDV,PACV
CEC,KCEC
CED,YCDU
CEF,KCEF
CEI,VTCT
CEK,USCC
CEN,MMCN
CEQ,LFMD
CER,LFRC
CEV,KCEV
CEW,KCEW
CEY,KCEY
CEZ,KCEZ
CFB,SBCB
CFE,LFLC
CFG,MUCF
CFR,LFRK
CFS,YSCH
CFU,LGKR
CFV,KCFV
CGB,SBCY
CGF,KCGF
CGH,SBSP
CGI,KCGI
CGK,WIII
CGN,EDDK
CGO,ZHCC
CGP,VGEG
CGQ,ZYCC
CGR,SBCG
CGU,SVPR
CGY,RPML
CGZ,KCGZ
CHA,KCHA
CHC,NZCH
CHD,KIWA
CHH,SPPY
CHK,KCHK
CHM,SPEO
CHO,KCHO
CHQ,LGSA
CHR,LFLX
CHS,KCHS
CIA,LIRA
CIC,KCIC
CID,KCID
CIG,KCAG
CIJ,SLCO
CIN,KCIN
CIS,PCIS
CIT,UAII
CIU,KCIU
CIX,SPHI
CIZ,SWKO
CJA,SPJR
CJB,VOCB
CJC,SCCF
CJJ,RKTU
CJL,OPCH
CJS,MMCS
CJU,RKPC
CKA,KCKA
CKB,KCKB
CKC,UKKE
CKG,ZUCK
CKM,KCKM
CKT,OIMC
CKV,KCKV
CKY,GUCY
CKZ,LTBH
CLE,KCLE
CLF,EGYC
CLJ,LRCL
CLL,KCLL
CLM,KCLM
CLN,SBCI
CLO,SKCL
CLQ,MMIA
CLS,KCLS
CLT,KCLT
CLU,KBAK
CLV,SWKN
CLY,LFKC
CMA,YCMU
CMB,VCBI
CME,MMCE
CMF,LFLB
CMG,SBCR
CMH,KCMH
CMI,KCMI
CMN,GMMN
CMR,LFGA
CMW,MUCM
CMX,KCMX
CNB,YCNM
CND,LRCK
CNE,
CNF,SBCF
CNG,LFBG
CNJ,YCCY
CNM,KCNM
CNO,KCNO
CNQ,SARC
CNS,YBCS
CNW,KCNW
CNX,VTCC
CNY,KCNY
CO1,KCMA
COC,SAAC
COD,KCOD
COE,KCOE
COF,KCOF
COK,VOCI
CON,KCON
COO,DBBB
COQ,ZMCD
COR,SACO
COS,KCOS
COU,KCOU
COX,MYAK
COZ,MDCZ
CPC,SAZY
CPE,MMCP
CPH,EKCH
CPK,KCPK
CPO,SCAT
CPR,KCPR
CPS,KCPS
CPT,FACT
CPV,SBKG
CQD,OIFS
CQF,LFAC
CRA,LRCV
CRC,SKGO
CRD,SAVC
CRE,KCRE
CRK,RPLC
CRL,EBCI
CRP,KCRP
CRQ,SBCV
CRT,KCRT
CRV,LIBC
CRW,KCRW
CRX,KCRX
CRZ,UTAV
CSB,LRCS
CSF,LFPC
CSG,KCSG
CSI,YCAS
CSM,KCSM
CSN,KCXP
CSV,KCSV
CSX,ZGHA
CSY,UWKS
CTA,LICC
CTB,KCTB
CTC,SANC
CTG,SKCG
CTH,
CTM,MMCM
CTN,YCKN
CTS,RJCC
CTT,LFMQ
CTU,ZUUU
CTY,KCTY
CUB,KCUB
CUC,SKCC
CUE,SECU
CUF,LIMZ
CUH,KCUH
CUL,MMCL
CUM,SVCU
CUN,MMUN
CUP,SVCP
CUR,TNCC
CUT,SAZW
CUU,MMCU
CUZ,SPZO
CVG,KCVG
CVJ,MMCB
CVM,MMCV
CVN,KCVN
CVO,KCVO
CVQ,YCAR
CVS,KCVS
CVT,EGBE
CWA,KCWA
CWB,SBCT
CWF,KCWF
CWI,KCWI
CWL,EGFF
CWT,YCWR
CWW,YCOR
CXB,VGCB
CXI,PLCH
CXJ,SBCX
CXO,KCXO
CYB,MWCB
CYI,RCKU
CYO,MUCL
CYS,KCYS
CYZ,RPUY
CZA,MMCT
CZE,SVCR
CZL,DABC
CZM,MMCZ
CZS,SBCZ
DAA,KDAA
DAB,KDAB
DAC,VGHS
DAD,VVDN
DAG,KDAG
DAK,HEDK
DAL,KDAL
DAM,OSDI
DAN,KDAN
DAR,HTDA
DAV,MPDA
DAY,KDAY
DBA,OPDB
DBN,KDBN
DBO,YSDU
DBQ,KDBQ
DBV,LDDU
DCA,KDCA
DCI,LIED
DCM,LFCK
DCU,KDCU
DDC,KDDC
DEB,LHDC
DEC,KDEC
DEL,VIDP
DEN,KDEN
DET,KDET
DEZ,OSDZ
DFW,KDFW
DGE,YMDG
DGL,KDGL
DGO,MMDO
DGT,RPVD
DGW,KDGW
DHA,OEDR
DHF,OMAM
DHN,KDHN
DHT,KDHT
DIB,VEMN
DIJ,LFSD
DIK,KDIK
DIL,WPDL
DIQ,SNDV
DIR,HADR
DIY,LTCC
DJB,WIPA
DJE,DTTJ
DJG,DAAJ
DJJ,WAJJ
DJO,DIDL
DKK,KDKK
DKR,GOOY
DLA,FKKD
DLC,ZYTL
DLD,ENDI
DLE,LFGJ
DLF,KDLF
DLG,PADL
DLH,KDLH
DLI,VVDL
DLM,LTBS
DLN,KDLN
DLS,KDLS
DMA,KDMA
DME,UUDD
DMM,OEDF
DMN,KDMN
DMO,KDMO
DMU,VEMR
DNA,RODN
DNK,UKDD
DNN,KDNN
DNR,LFRD
DNS,KDNS
DNV,KDNV
DNZ,LTAY
DOD,HTDO
DOG,HSDN
DOH,OTBD
DOK,UKCC
DOL,LFRG
DOU,SSDO
DOV,KDOV
DPA,KDPA
DPG,KDPG
DPL,RPMG
DPO,YDPO
DPS,WRRR
DQK,KGTB
DQN,KEVB
DRB,YDBY
DRI,KDRI
DRO,KDRO
DRS,EDDC
DRT,KDRT
DRW,YPDN
DSA,EGCN
DSK,OPDI
DSM,KDSM
DTA,KDTA
DTM,EDLW
DTN,KDTN
DTO,KDTO
DTW,KDTW
DUA,KDUA
DUB,EIDW
DUC,KDUC
DUD,NZDN
DUG,KDUG
DUJ,KDUJ
DUR,FADN
DUS,EDDL
DVL,KDVL
DVN,KDVN
DVO,RPMD
DVT,KDVT
DWC,OMDW
DWH,KDWH
DXB,OMDB
DYA,YDYS
DYR,UHMA
DYS,KDYS
DYU,UTDD
DZA,FMCZ
DZN,UAKD
DZO,SUDU
EAM,OENG
EAN,KEAN
EAR,KEAR
EAS,LESO
EAT,KEAT
EAU,KEAU
EBB,HUEN
EBD,HSOB
EBJ,EKEB
EBM,DTTR
EBU,LFMH
ECG,KECG
ECS,KECS
EDE,KEDE
EDF,PAED
EDI,EGPH
EDM,LFRI
EDO,LTFD
EDW,KEDW
EED,KEED
EEN,KEEN
EFD,KEFD
EFL,LGKF
EGC,LFBE
EGE,KEGE
EGI,KEGI
EGN,HSGN
EGO,UUOB
EGS,BIEG
EIB,EDGE
EIL,PAEI
EIN,EHEH
EJA,SKEJ
EJH,OEWJ
EKI,KEKM
EKO,KEKO
EKT,ESSU
EKX,KEKX
EKY,KEKY
ELD,KELD
ELF,HSFS
ELG,DAUE
ELM,KELM
ELN,KELN
ELP,KELP
ELQ,OEGS
ELS,FAEL
ELT,HETR
ELU,DAUO
ELY,KELY
ELZ,KELZ
EMA,EGNX
EMD,YEML
EMM,KEMM
EMN,GQNI
ENA,PAEN
END,KEND
ENF,EFET
ENL,KENL
ENN,PANN
ENS,EHTW
ENT,PKMA
ENU,DNEN
ENV,KENV
ENW,KENW
EOH,SKMD
EOK,KEOK
EOS,KEOS
EPH,KEPH
EPL,LFSG
EQS,SAVE
ERC,LTCD
ERF,EDDE
ERH,GMFK
ERI,KERI
ERN,SWEI
ERS,FYWE
ERV,KERV
ERZ,LTCE
ESB,LTAC
ESC,KESC
ESF,KESF
ESG,SGME
ESK,LTBI
ESL,URWI
ESM,SETN
ESN,KESN
ESR,SCES
ESS,EDLE
ETH,LLET
ETS,KEDN
ETZ,LFJL
EUE,
EUF,KEUF
EUG,KEUG
EUN,GMML
EVE,ENEV
EVG,ESND
EVN,UGEE
EVV,KEVV
EVW,KEVW
EVX,LFOE
EWB,KEWB
EWK,KEWK
EWN,KEWN
EWR,KEWR
EXT,EGTE
EYP,SKYP
EYR,
EZE,SAEZ
EZS,LTCA
FAA,GUFH
FAB,EGLF
FAI,PAFA
FAN,ENLI
FAO,LPFR
FAR,KFAR
FAT,KFAT
FAY,KFAY
FAZ,OISF
FBM,FZQA
FBR,KFBR
FCA,KFCA
FCN,ETMN
FCO,LIRF
FDF,TFFF
FDH,EDNY
FDK,KFDK
FDR,KFDR
FDY,KFDY
FEL,ETSF
FEN,SBFN
FEP,KFEP
FET,KFET
FEZ,GMFF
FFM,KFFM
FFO,KFFO
FFT,KFFT
FHU,KFHU
FIG,GUFA
FIH,FZAA
FIL,
FJR,OMFJ
FKB,EDSB
FKI,FZIC
FKL,KFKL
FKS,RJSF
FLB,SNQG
FLD,KFLD
FLG,KFLG
FLL,KFLL
FLN,SBFL
FLO,KFLO
FLP,KFLP
FLR,LIRQ
FLV,KFLV
FLX,KFLX
FMA,SARF
FMH,KFMH
FMI,FZRF
FMN,KFMN
FMO,EDDG
FMY,KFMY
FNA,GFLL
FNB,ETNU
FNC,LPMA
FNI,LFTW
FNJ,ZKPY
FNL,KFNL
FNT,KFNT
FOC,ZSFZ
FOD,KFOD
FOE,KFOE
FOG,LIBF
FOK,KFOK
FOM,FKKM
FOR,SBFZ
FPO,MYGF
FPR,KFPR
FQL,KFOA
FRA,EDDF
FRC,SBFC
FRG,KFRG
FRH,KFRH
FRL,LIPK
FRM,KFRM
FRS,MGTK
FRU,UAFM
FRW,FBFT
FSC,LFKF
FSD,KFSD
FSI,KFSI
FSM,KFSM
FSP,LFVP
FSS,EGQK
FST,KFST
FSU,KFSU
FTE,SAWC
FTG,KFTG
FTK,KFTK
FTU,FMSD
FTW,KFTW
FTX,FCOO
FTY,KFTY
FUE,GCFV
FUJ,RJFE
FUK,RJFF
FVJ,YAMB
FVO,KUAO
FVU,SPLP
FWA,KFWA
FWH,KNFW
FXE,KFXE
FXO,FQCB
FXY,KFXY
FYT,FTTY
FYV,KFYV
FZO,EGTG
GA2,KCTJ
GAD,KGAD
GAE,DTTG
GAF,DTTF
GAG,KGAG
GAJ,RJSC
GAL,PAGA
GAN,VRMG
GAO,MUGT
GAQ,GAGO
GAU,VEGT
GAY,VEGY
GBD,KGBD
GBE,FBSK
GBG,KGBG
GBT,OING
GCC,KGCC
GCJ,FAGC
GCK,KGCK
GCM,MWCR
GCN,KGCN
GCY,KGCY
GDC,KGYH
GDL,MMGL
GDN,EPGD
GDT,MBGT
GDV,KGDV
GDX,UHMM
GED,KGED
GEG,KGEG
GEL,SBNM
GEO,SYCJ
GER,MUNG
GES,RPMB
GET,YGEL
GEV,ESNG
GEY,KGEY
GFK,KGFK
GFL,KGFL
GFN,YGFN
GFY,FYGF
GGE,KGGE
GGG,KGGG
GGT,MYEF
GGW,KGGW
GHA,DAUG
GHB,MYEM
GHT,HLGT
GIB,LXGB
GIF,KGIF
GIG,SBGL
GIL,OPGT
GIR,SKGI
GIZ,OEGN
GJL,DAAV
GJM,SBGM
GJT,KGJT
GKE,ETNG
GKN,PAGK
GKT,KGKT
GLA,EGPF
GLD,KGLD
GLE,KGLE
GLH,KGLH
GLR,KGLR
GLS,KGLS
GLT,YGLA
GLW,KGLW
GLZ,EHGR
GMA,FZFK
GMB,HAGM
GME,UMGG
GMP,RKSS
GMR,NTGJ
GMU,KGMU
GNA,UMMG
GNB,LFLS
GND,TGPY
GNM,SNGI
GNR,SAHR
GNT,KGNT
GNV,KGNV
GNY,KGNB
GOA,LIMJ
GOI,VAGO
GOJ,UWGG
GOM,FZNA
GON,KGON
GOP,VEGK
GOT,ESGG
GOU,FKKR
GOV,YPGV
GPA,LGRX
GPO,SAZG
GPS,SEGS
GPT,KGPT
GPZ,KGPZ
GRB,KGRB
GRD,KGRD
GRF,KGRF
GRI,KGRI
GRJ,FAGG
GRK,KGRK
GRN,KGRN
GRO,LEGE
GRP,SWGI
GRQ,EHGG
GRR,KGRR
GRS,LIRS
GRU,SBGR
GRX,LEGR
GRZ,LOWG
GSB,KGSB
GSE,ESGP
GSH,KGSH
GSO,KGSO
GSP,KGSP
GSQ,HEOW
GST,PAGS
GTE,YGTE
GTF,KGTF
GTO,WAMG
GTR,KGTR
GUA,MGGT
GUB,
GUC,KGUC
GUF,KJKA
GUH,YGDH
GUI,SVGI
GUJ,SBGW
GUM,PGUM
GUP,KGUP
GUQ,SVGU
GUS,KGUS
GUW,UATG
GUY,KGUY
GVA,LSGG
GVL,KGVL
GVT,KGVT
GVX,ESSK
GWD,OPGD
GWL,VIGR
GWO,KGWO
GWR,KGWR
GWT,EDXW
GXF,OYSY
GXG,FNNG
GXY,KGXY
GYE,SEGU
GYL,YARG
GYM,MMGM
GYN,SBGO
GYR,KGYR
GYY,KGYY
GZA,LVGZ
GZT,LTAJ
HAB,KHAB
HAC,RJTH
HAD,ESMT
HAF,KHAF
HAH,FMCH
HAJ,EDDV
HAK,ZJHK
HAM,EDDH
HAN,VVNB
HAO,KHAO
HAR,KCXY
HAS,OEHL
HAU,ENHD
HAV,MUHA
HAW,EGFE
HBA,YMHB
HBE,HEBA
HBG,KHBG
HBR,KHBR
HCC,
HDD,OPKD
HDF,EDAH
HDH,PHDH
HDM,OIHH
HDN,KHDN
HDY,VTSS
HEA,OAHR
HEE,KHEE
HEH,VYHH
HEL,EFHK
HER,LGIR
HET,ZBHH
HEW,LGAT
HEZ,KHEZ
HFE,ZSOF
HGA,HCMH
HGD,YHUG
HGH,ZSHC
HGN,VTCH
HGO,DIKO
HGR,KHGR
HHE,RJSH
HHI,PHHI
HHN,EDFH
HHQ,VTPH
HIB,KHIB
HIF,KHIF
HII,KHII
HIJ,RJOA
HIK,PHIK
HIN,RKPS
HIO,KHIO
HIR,AGGH
HIW,RJBH
HJR,VAKJ
HKA,KHKA
HKD,RJCH
HKG,VHHH
HKN,AYHK
HKS,KHKS
HKT,VTSP
HKY,KHKY
HLA,FALA
HLD,ZBLA
HLF,ESSF
HLG,KHLG
HLN,KHLN
HLP,WIIH
HLZ,NZHN
HME,DAUH
HMN,KHMN
HMO,MMHO
HNA,RJSI
HNB,KHNB
HND,RJTT
HNL,PHNL
HOB,KHOB
HOD,OYHD
HOG,MUHG
HOI,NTTO
HOM,PAHO
HON,KHON
HOP,KHOP
HOR,LPHR
HOT,KHOT
HOU,KHOU
HPH,VVCI
HPN,KHPN
HQM,KHQM
HRB,ZYHB
HRE,FVHA
HRG,HEGN
HRK,UKHH
HRL,KHRL
HRO,KHRO
HRT,EGXU
HSD,KHSD
HSG,RJFS
HSH,KHND
HSI,KHSI
HSP,KHSP
HST,KHST
HSV,KHSV
HTA,UIAA
HTI,YBHM
HTN,ZWTN
HTS,KHTS
HTV,KUTS
HUA,KHUA
HUF,KHUF
HUI,VVPB
HUL,KHUL
HUM,KHUM
HUN,RCYU
HUQ,HLON
HUT,KHUT
HUX,MMBT
HUY,EGNJ
HVE,KHVE
HVN,KHVN
HVR,KHVR
HVS,KHVS
HWD,KHWD
HWN,FVWN
HYA,KHYA
HYD,VOHY
HYR,KHYR
HYS,KHYS
HZB,LFQT
IAB,KIAB
IAD,KIAD
IAG,KIAG
IAH,KIAH
IAM,DAUZ
IAR,UUDL
IAS,LRIA
IBA,DNIB
IBE,SKIB
IBZ,LEIB
ICL,KICL
ICN,RKSI
ICR,MUNC
ICT,KICT
IDA,KIDA
IDB,ESUE
IDO,SWIY
IDP,KIDP
IDR,VAID
IEG,EPZG
IEV,UKKK
IFN,OIFM
IFO,UKLI
IFP,KIFP
IGA,MYIG
IGB,
IGL,LTBL
IGM,KIGM
IGU,SBFI
IHR,OIZI
IJX,KIJX
IKB,KUKF
IKK,KIKK
IKS,UEST
IKT,UIII
IKV,KIKV
ILE,KILE
ILG,KILG
ILL,KILL
ILM,KILM
ILN,KILN
ILO,RPVI
ILR,DNIL
ILY,EGPI
IMF,VEIM
IML,KIML
IMM,KIMM
IMP,SBIZ
IMT,KIMT
IND,KIND
INI,LYNI
INL,KINL
INN,LOWI
INS,KINS
INT,KINT
INU,ANAU
INV,EGPE
INW,KINW
INZ,DAUI
IOA,LGIO
IOM,EGNS
ION,FCOI
IOS,SBIL
IPC,SCIP
IPH,WMKI
IPI,SKIP
IPL,KIPL
IPN,SBIP
IPT,KIPT
IQQ,SCDA
IQT,SPQT
IRJ,SANL
IRK,KIRK
IRP,FZJH
IRS,KIRS
ISA,YBMA
ISB,OPRN
ISE,LTFC
ISM,KISM
ISN,KISN
ISO,KISO
ISP,KISP
ISQ,KISQ
IST,LTBA
ISW,KISW
ITB,SBIH
ITH,KITH
ITM,RJOO
ITO,PHTO
IUE,NIUE
IVC,NZNV
IVL,EFIV
IVR,YIVL
IWD,KIWD
IWJ,RJOW
IWO,RJAW
IXA,VEAT
IXB,VEBD
IXC,VICG
IXD,VIAL
IXE,VOML
IXI,VELR
IXJ,VIJU
IXM,VOMD
IXP,VIPK
IXR,VERC
IXS,VEKU
IXU,VAAU
IXY,VAKE
IXZ,VOPB
IYK,KIYK
IZO,RJOC
J40,OJMS
JAA,OAJL
JAC,KJAC
JAF,VCCJ
JAI,VIJP
JAL,MMJA
JAN,KJAN
JAS,KJAS
JAX,KJAX
JBR,KJBR
JCR,SBEK
JCT,KJCT
JCY,
JDF,SBJF
JDH,VIJO
JED,OEJN
JEF,KJEF
JER,EGJJ
JFK,KJFK
JGA,VAJM
JHB,WMKJ
JHW,KJHW
JIB,HDAM
JIM,HAJM
JKG,ESGJ
JKV,KJSO
JLN,KJLN
JLR,VAJB
JMK,LGMK
JMS,KJMS
JMU,ZYJM
JNB,FAJS
JNU,PAJN
JOE,EFJO
JOG,WIIJ
JOI,SBJV
JON,PJON
JOS,DNJO
JP1,RJOI
JPA,SBJP
JPR,SWJI
JRF,PHJR
JRH,VEJT
JRO,HTKJ
JRS,LLJR
JSI,LGSK
JSR,VGJR
JST,KJST
JTR,LGSR
JUB,HSSJ
JUJ,SASJ
JUL,SPJL
JVL,KJVL
JWA,FBJW
JWN,KJWN
JWN,OITZ
JXN,KJXN
JYV,EFJY
JZB,KORE
JZL,KNUC
JZQ,KBKV
JZT,KGKY
KAB,FVKB
KAC,OSKL
KAD,DNKA
KAG,RKNN
KAJ,EFKI
KAN,DNKN
KAO,EFKS
KAS,OKAS
KAU,EFKA
KAW,VYKT
KBL,OAKB
KBP,UKBB
KBR,WMKC
KBV,VTSG
KCH,WBGG
KCM,LTCN
KCZ,RJOK
KDD,OPKH
KDH,OAKN
KDI,WAAU
KDU,OPSD
KED,GQNK
KEF,BIKF
KEH,
KEJ,UNEE
KEM,EFKE
KEP,VNNG
KER,OIKK
KEV,EFHA
KFA,GQNF
KGA,FZUA
KGD,UMKK
KGF,UAKK
KGG,GOTK
KGI,YPKG
KGL,HRYR
KGP,USRK
KGS,LGKO
KGY,YKRY
KHD,OICK
KHG,ZWSH
KHH,RCKH
KHI,OPKC
KHK,OIBQ
KHS,OOKB
KHV,UHHH
KID,ESMK
KIH,OIBK
KIJ,RJSN
KIM,FAKM
KIN,MKJP
KIR,EIKY
KIS,HKKI
KIV,LUKK
KIW,FLSO
KIX,RJBB
KJA,UNKL
KJK,EBKT
KKC,VTUK
KKJ,RJFR
KKM,VTBL
KKN,ENKR
KKW,FZCA
KLC,GOOK
KLO,RPVK
KLR,ESMQ
KLU,LOWK
KLV,LKKV
KLW,PAKW
KLX,LGKL
KMC,OEKK
KMG,ZPPP
KMH,FAKU
KMI,RJFM
KMJ,RJFT
KMN,FZSA
KMP,FYKT
KMQ,RJNK
KMS,DGSI
KMU,HCMK
KMX,OEKM
KNA,SCVM
KNB,KKNB
KND,FZOA
KNX,YPKU
KOA,PHKO
KOE,WRKK
KOJ,RJFK
KOK,EFKK
KOP,VTBK
KPO,RKTH
KPS,YKMP
KPT,
KRF,ESNK
KRK,EPKK
KRN,ESNQ
KRP,EKKA
KRR,URKK
KRS,ENCN
KRT,HSSS
KRW,UTAK
KS2,KUKL
KS3,KIXD
KSA,PTSA
KSC,LZKZ
KSD,ESOK
KSH,OICC
KSL,HSKA
KSN,UAUU
KSO,LGKA
KSS,GASO
KSU,ENKB
KSY,LTCF
KTA,YPKA
KTM,VNKT
KTN,PAKT
KTR,YPTN
KTT,EFKT
KTW,EPKT
KUA,WMKD
KUF,UWWW
KUH,RJCK
KUL,WMKK
KUN,EYKA
KUO,EFKU
KUT,UGKO
KUV,RKJK
KVA,LGKV
KVB,ESGR
KVD,UBBG
KVG,AYKV
KWA,PKWA
KWG,UKDR
KWI,OKBK
KWJ,RKJJ
KWL,ZGKL
KWZ,FZQM
KY4,KEHR
KYA,LTAN
KYE,OLKA
KYS,GAKD
KZI,LGKZ
KZN,UWKD
LAA,KLAA
LAD,FNLU
LAE,AYNZ
LAF,KLAF
LAI,LFRO
LAJ,SBLJ
LAL,KLAL
LAM,KLAM
LAN,KLAN
LAO,RPLI
LAP,MMLP
LAQ,HLLQ
LAR,KLAR
LAS,KLAS
LAW,KLAW
LAX,KLAX
LBA,EGNM
LBB,KLBB
LBC,EDHL
LBD,UTDL
LBE,KLBE
LBF,KLBF
LBG,LFPB
LBI,LFCI
LBL,KLBL
LBU,WBKL
LBV,FOOL
LCA,LCLK
LCC,LIBN
LCE,MHLC
LCG,LECO
LCH,KLCH
LCI,KLCI
LCK,KLCK
LCL,MULM
LCP,
LDB,SBLO
LDE,LFBT
LDI,HTLI
LDK,ESGL
LDM,KLDM
LDV,LFRJ
LDY,EGAE
LEA,YPLM
LEB,KLEB
LED,ULLI
LEE,KLEE
LEH,LFOH
LEI,LEAM
LEJ,EDDP
LEK,GULB
LET,SKLT
LEW,KLEW
LEX,KLEX
LFI,KLFI
LFK,KLFK
LFM,OISR
LFN,KLHZ
LFR,SVLF
LFT,KLFT
LFW,DXXX
LGA,KLGA
LGB,KLGB
LGC,KLGC
LGD,KLGD
LGF,KLGF
LGG,EBLG
LGH,YLEC
LGK,WMKL
LGP,RPLP
LGQ,SENL
LGS,SAMM
LGU,KLGU
LGW,EGKK
LHA,EDTL
LHE,OPLA
LHQ,KLHQ
LHR,EGLL
LHX,KLHX
LID,EHVB
LIG,LFBL
LIH,PHLI
LIL,LFQQ
LIM,SPIM
LIN,LIML
LIO,MRLM
LIP,SBLN
LIR,MRLB
LIS,LPPT
LIT,KLIT
LIW,VYLK
LIY,KLHW
LIZ,KLIZ
LJN,KLBX
LJU,LJLJ
LJY,KLBO
LKL,ENNA
LKO,VILK
LKV,KLKV
LKZ,EGUL
LLA,ESPA
LLW,FWLI
LMM,MMLM
LMO,EGQS
LMP,LICD
LMQ,HLMB
LMR,FALC
LMT,KLMT
LND,KLND
LNK,KLNK
LNM,LNMX
LNN,KLNN
LNP,KLNP
LNS,KLNS
LNY,PHNY
LNZ,LOWL
LOE,VTUL
LOL,KLOL
LOS,DNMM
LOT,KLOT
LOV,MMMV
LOZ,KLOZ
LPA,GCLP
LPB,SLLP
LPI,ESSL
LPL,EGGP
LPO,KPPO
LPP,EFLP
LPQ,VLLB
LPT,VTCL
LPX,EVLA
LQK,KLQK
LRA,LGLR
LRD,KLRD
LRE,YLRE
LRF,KLRF
LRH,LFBH
LRL,DXNG
LRM,MDLR
LRT,LFRH
LRU,KLRU
LSB,KLSB
LSC,SCSE
LSE,KLSE
LSF,KLSF
LSH,VYLS
LSK,KLSK
LSQ,SCGE
LST,YMLT
LSV,KLSV
LSY,YLIS
LTI,ZMAT
LTK,OSLK
LTN,EGGW
LTO,MMLT
LTQ,LFAT
LTS,KLTS
LUD,FYLZ
LUF,KLUF
LUK,KLUK
LUL,KLUL
LUN,FLLS
LUO,FNUE
LUQ,SAOU
LUX,ELLX
LVA,LFOV
LVI,FLLI
LVK,KLVK
LVM,KLVM
LVO,YLTN
LVP,OIBV
LVS,KLVS
LWB,KLWB
LWC,KLWC
LWL,KLWL
LWM,KLWM
LWO,UKLL
LWR,EHLW
LWS,KLWS
LWT,KLWT
LWV,KLWV
LXN,KLXN
LXR,HELX
LXS,LGLM
LXV,KLXV
LYC,ESNL
LYE,EGDL
LYH,KLYH
LYN,LFLY
LYP,OPFA
LYR,ENSB
LYS,LFLL
LYU,KELO
LZU,KLZU
MAA,VOMM
MAB,SBMA
MAD,LEMD
MAF,KMAF
MAG,AYMD
MAH,LEMH
MAJ,PKMJ
MAK,HSSM
MAM,MMMA
MAN,EGCC
MAO,SBEG
MAR,SVMC
MAW,KMAW
MBA,HKMO
MBD,FAMM
MBE,RJEB
MBH,YMYB
MBJ,MKJS
MBL,KMBL
MBS,KMBS
MBX,LJMB
MCB,KMCB
MCC,KMCC
MCE,KMCE
MCF,KMCF
MCG,PAMC
MCH,SEMH
MCI,KMCI
MCJ,SKAO
MCK,KMCK
MCN,KMCN
MCO,KMCO
MCP,SBMQ
MCT,OOMS
MCU,LFBK
MCW,KMCW
MCX,URML
MCY,YBMC
MCZ,SBMO
MDC,WAMM
MDD,KMDD
MDE,SKRG
MDF,KMDZ
MDG,ZYMD
MDH,KMDH
MDJ,
MDK,FZEA
MDL,VYCZ
MDQ,SAZM
MDT,KMDT
MDW,KMDW
MDX,SATM
MDY,PMDY
MDZ,SAME
MEB,YMEN
MEC,SEMT
MED,OEMA
MEG,FNMA
MEI,KMEI
MEJ,KGKJ
MEL,YMML
MEM,KMEM
MER,KMER
MES,WIMM
MEU,SBMD
MEV,KMEV
MEX,MMMX
MFD,KMFD
MFE,KMFE
MFI,KMFI
MFM,VMMC
MFQ,DRRM
MFR,KMFR
MFU,FLMF
MGA,MNMG
MGB,YMTG
MGE,KMGE
MGF,SBMG
MGF,SBMH
MGJ,KMGJ
MGM,KMGM
MGQ,HCMM
MGR,KMGR
MGW,KMGW
MGZ,VYME
MHD,OIMM
MHE,KMHE
MHH,MYAM
MHK,KMHK
MHP,UMMM
MHQ,EFMA
MHR,KMHR
MHT,KMHT
MHV,KMHV
MHZ,EGUN
MI2,KBIV
MIA,KMIA
MIB,KMIB
MID,MMMD
MIE,KMIE
MIK,EFMI
MIM,YMER
MIO,KMIO
MIR,DTMB
MIU,DNMA
MIV,KMIV
MIW,KMIW
MJC,DIMN
MJD,OPMJ
MJI,HLLM
MJK,YSHK
MJL,FOGM
MJM,FZWA
MJN,FMNM
MJT,LGMT
MJV,LELC
MJX,KMJX
MJZ,UERR
MKC,KMKC
MKE,KMKE
MKG,KMKG
MKJ,FCOM
MKL,KMKL
MKO,KMKO
MKQ,WAKK
MKR,YMEK
MKT,KMKT
MKU,FOOK
MKW,WASR
MKY,YBMK
MLA,LMML
MLB,KMLB
MLC,KMLC
MLE,VRMM
MLF,KMLF
MLG,WIAS
MLH,LFSB
MLI,KMLI
MLJ,KMLJ
MLM,MMMM
MLS,KMLS
MLU,KMLU
MLW,GLMR
MLX,LTAT
MMA,ORAA
MMB,RJCM
MME,EGNV
MMG,YMOG
MMH,KMMH
MMI,KMMI
MMJ,RJAF
MMK,ULMM
MML,KMML
MMT,KMMT
MMU,KMMU
MMX,ESMS
MMY,ROMY
MNC,FQNC
MNH,
MNL,RPLL
MNM,KMNM
MNN,KMNN
MNS,FLMA
MNU,VYMM
MNX,SBMY
MNZ,KHEF
MOA,MUMO
MOB,KMOB
MOC,SBMK
MOD,KMOD
MOF,WRKC
MOG,VYMS
MOL,ENML
MON,NZMC
MOO,YOOM
MOP,KMOP
MOR,KMOR
MOT,KMOT
MOV,YMRB
MPA,FYKM
MPJ,KMPJ
MPK,RKJM
MPL,LFMT
MPM,FQMA
MPN,EGYP
MPR,KMPR
MPS,KOSA
MPV,KMPV
MQB,KMQB
MQF,USCM
MQJ,KMQJ
MQL,YMIA
MQM,LTCR
MQQ,FTTD
MQT,KSAW
MQU,SKQU
MQY,KMQY
MRB,KMRB
MRC,KMRC
MRD,SVMD
MRF,KMRF
MRK,KMKY
MRS,LFML
MRU,FIMP
MRV,URMM
MRX,OIAM
MRY,KMRY
MRZ,YMOR
MS1,KGNF
MSC,KFFZ
MSE,EGMH
MSJ,RJSM
MSL,KMSL
MSN,KMSN
MSO,KMSO
MSP,KMSP
MSQ,UMMS
MSR,LTCK
MST,EHBK
MSU,FXMM
MSV,KMSV
MSY,KMSY
MTC,KMTC
MTH,KMTH
MTJ,KMTJ
MTN,KMTN
MTO,KMTO
MTR,SKMR
MTS,FDMS
MTT,MMMT
MTW,KMTW
MTY,MMMY
MUB,FBMN
MUC,EDDM
MUE,PHMU
MUH,HEMM
MUN,SVMT
MUO,KMUO
MUT,KMUT
MUX,OPMT
MVB,FOON
MVC,KMVC
MVD,SUMU
MVF,SBMS
MVM,
MVN,KMVN
MVP,SKMU
MVQ,UMOO
MVR,FKKL
MVW,KBVS
MVY,KMVY
MVZ,FVMV
MWA,KMWA
MWH,KMWH
MWL,KMWL
MWO,KMWO
MWZ,HTMW
MXE,KMEB
MXF,KMXF
MXJ,DNMN
MXL,MMML
MXN,LFRU
MXP,LIMC
MXX,ESKM
MYG,MYMM
MYJ,RJOM
MYL,KMYL
MYP,UTAM
MYR,KMYR
MYT,VYMK
MYV,KMYV
MYW,HTMT
MYY,WBGR
MZB,FQMP
MZG,RCQC
MZH,LTAP
MZI,GAMB
MZJ,KMZJ
MZM,LFSF
MZO,MUMZ
MZR,OAMS
MZT,MMMZ
MZZ,KMZZ
NAA,YNBR
NAG,VANP
NAK,VTUQ
NAL,URMN
NAN,NFFN
NAP,LIRN
NAS,MYNN
NAT,SBNT
NAV,LTAZ
NAW,VTSC
NBG,KNBG
NBO,HKJK
NBW,MUGM
NC2,KJNX
NC3,KEHO
NC5,KDPL
NCE,LFMN
NCL,EGNT
NCY,LFLP
NDB,GQPP
NDJ,FTTJ
NDU,FYRU
NEL,KNEL
NEV,LLNV
NEW,KNEW
NFL,KNFL
NGB,ZSNB
NGE,FKKN
NGF,PHNG
NGO,RJGG
NGP,KNGP
NGS,RJFU
NGU,KNGU
NGW,KNGW
NHA,VVNT
NHK,KNHK
NHT,EGWU
NHV,NTMD
NHZ,KNHZ
NIM,DRRN
NIP,KNIP
NIT,LFBN
NJA,RJTA
NJC,USNN
NJK,KNJK
NJW,KNJW
NKC,GQNN
NKG,ZSNJ
NKM,RJNN
NKT,KNKT
NKW,FJDG
NKX,KNKX
NLA,FLND
NLC,KNLC
NLD,MMNL
NLK,YSNF
NLV,UKON
NMS,VYNS
NNG,ZGNN
NNT,VTCN
NOA,YSNW
NOC,EIKN
NOG,MMNG
NOP,RPVM
NOS,FMNN
NOU,NWWW
NOV,FNHU
NPA,KNPA
NQA,KNQA
NQI,KNQI
NQN,SAZN
NQX,KNQX
NQY,EGDG
NRA,YNAR
NRB,KNRB
NRK,ESSP
NRR,TJNR
NRS,KNRS
NRT,RJAA
NSE,KNDZ
NSI,FKYS
NSK,UOOO
NST,VTSN
NSY,LICZ
NTD,KNTD
NTE,LFRS
NTL,YWLM
NTN,YNTN
NTR,MMAN
NTU,KNTU
NTY,FAPN
NUE,EDDN
NUQ,KNUQ
NUW,KNUW
NVA,SKNV
NVD,KNVD
NVS,LFQG
NVT,SBNF
NWI,EGSH
NXX,KNXX
NY2,KFZY
NYN,YNYN
NYO,ESKN
NYU,VYBG
NZJ,KNZJ
NZY,KNZY
OAG,YORG
OAI,OAIX
OAJ,KOAJ
OAK,KOAK
OAX,MMOX
OAZ,OAZI
OBE,KOBE
OBF,EDMO
OBO,RJCB
OCF,KOCF
OCH,KOCH
OCW,KOCW
ODE,EKOD
ODH,EGVO
ODS,UKOO
OER,ESNO
OES,SAVN
OFF,KOFF
OFK,KOFK
OGA,KOGA
OGB,KOGB
OGD,KOGD
OGG,PHOG
OGS,KOGS
OGX,DAUU
OGZ,URMO
OH3,KRZT
OHA,NZOH
OHD,LWOH
OIM,RJTO
OIT,RJFO
OJF,OJAF
OKA,ROAH
OKC,KOKC
OKJ,RJOB
OKK,KOKK
OKM,KOKM
OKO,RJTY
OKY,YBOK
OLA,ENOL
OLB,LIEO
OLF,KOLF
OLM,KOLM
OLS,KOLS
OLU,KOLU
OLV,KOLV
OMA,KOMA
OMB,FOOH
OME,PAOM
OMO,LQMO
OMR,LROD
OMS,UNOO
ONA,KONA
OND,FYOA
ONJ,RJSR
ONM,KONM
ONP,KONP
ONT,KONT
ONX,MPEJ
ONY,KONY
OOL,YBCG
OOM,YCOM
OPF,KOPF
OPL,KOPL
OPO,LPPR
OPS,SWSI
ORB,ESOE
ORD,KORD
ORE,LFOJ
ORF,KORF
ORH,KORH
ORK,EICK
ORL,KORL
ORN,DAOO
ORP,FBOR
ORT,PAOR
ORW,OPOR
ORX,SNOX
ORY,LFPO
OSC,KOSC
OSD,ESPC
OSH,KOSH
OSI,LDOS
OSL,ENGM
OSN,RKSO
OSR,LKMT
OSS,UAFO
OST,EBOS
OSU,KOSU
OSW,UWOR
OSX,KOSX
OTG,KOTG
OTH,KOTH
OTM,KOTM
OTP,LROP
OTZ,PAOT
OUA,DFFD
OUD,GMFO
OUE,FCOU
OUH,FAOH
OUL,EFOU
OUN,KOUN
OVB,UNNT
OVD,LEAS
OVE,KOVE
OWA,KOWA
OWB,KOWB
OXB,GGOV
OXC,KOXC
OXR,KOXR
OYA,SATG
OYE,FOGO
OZA,KOZA
OZH,UKDE
OZP,LEMO
OZR,KOZR
OZZ,GMMZ
PAB,VABI
PAD,EDLP
PAE,KPAE
PAG,RPMP
PAH,KPAH
PAL,SKPQ
PAM,KPAM
PAP,MTPP
PAQ,PAAQ
PAT,VEPT
PAV,SBUF
PAZ,MMPA
PBB,SBPB
PBC,MMPB
PBF,KPBF
PBG,KPBG
PBH,VQPR
PBI,KPBI
PBL,SVPC
PBM,SMJP
PBO,YPBO
PBR,MGPB
PBU,VYPT
PBX,KPBX
PCD,KPDC
PCL,SPCL
PCR,SKPC
PDG,WIMG
PDK,KPDK
PDL,LPPD
PDS,MMPG
PDT,KPDT
PDV,LBPD
PDX,KPDX
PED,LKPD
PEE,USPP
PEG,LIRZ
PEI,SKPE
PEK,ZBAA
PEM,SPTU
PEN,WMKP
PEQ,KPEQ
PER,YPPH
PES,ULPB
PET,SBPK
PEW,OPPS
PFB,SBPF
PFN,KPFN
PFO,LCPH
PFQ,OITP
PGA,KPGA
PGD,KPGD
PGF,LFMP
PGK,WIKK
PGO,
PGV,KPGV
PGX,LFBX
PHC,DNPO
PHE,YPPD
PHF,KPHF
PHI,SNYE
PHL,KPHL
PHN,KPHN
PHS,VTPP
PHT,KPHT
PHX,KPHX
PIA,KPIA
PIB,KPIB
PIE,KPIE
PIH,KPIH
PIK,EGPK
PIM,KPIM
PIN,SWPI
PIO,SPSO
PIR,KPIR
PIS,LFBI
PIT,KPIT
PIU,SPUR
PJB,KPAN
PJG,OPPG
PKB,KPKB
PKC,UHPP
PKD,KPKD
PKE,YPKS
PKN,WRBI
PKU,WIBB
PKV,ULOO
PKW,FBSP
PKY,WRBP
PKZ,VLPS
PLB,KPLB
PLL,SBMN
PLM,WIPP
PLN,KPLN
PLQ,EYPA
PLR,KPLR
PLS,MBPV
PLU,SBBH
PLW,WAML
PLZ,FAPE
PMA,HTPE
PMC,SCTE
PMD,KPMD
PMF,LIMP
PMG,SBPP
PMH,KPMH
PMI,LEPA
PMO,LICJ
PMR,NZPM
PMS,OSPR
PMV,SVMG
PMY,SAVY
PNA,LEPP
PNB,SBPN
PNC,KPNC
PNE,KPNE
PNH,VDPP
PNI,PTPN
PNK,WIOO
PNL,LICG
PNP,AYGR
PNQ,VAPO
PNR,FCPP
PNS,KPNS
PNT,SCNT
PNU,
PNX,
PNZ,SBPL
POA,SBPA
POB,KPOB
POF,KPOF
POG,FOOG
POJ,SNPD
POL,FQPB
POM,AYPY
POP,MDPP
POR,EFPO
POS,TTPP
POU,KPOU
POX,LFPT
POY,KPOY
POZ,EPPO
PPA,KPPA
PPB,SBDN
PPF,KPPF
PPG,NSTU
PPN,SKPP
PPP,YBPN
PPS,RPVP
PPT,NTAA
PQI,KPQI
PQL,KPQL
PQQ,YPMQ
PRA,SAAP
PRB,KPRB
PRC,KPRC
PRG,LKPR
PRN,LYPR
PRV,LKPO
PRX,KPRX
PRY,FAWB
PRZ,
PSA,LIRP
PSB,KPSB
PSC,KPSC
PSD,HEPS
PSE,TJPS
PSF,KPSF
PSG,PAPG
PSI,OPPI
PSK,KPSK
PSM,KPSM
PSN,KPSN
PSO,SKPS
PSP,KPSP
PSR,LIBP
PSS,SARP
PSX,KPSX
PSZ,SLPS
PTB,KPTB
PTG,FAPI
PTK,KPTK
PTN,KPTN
PTP,TFFR
PTS,KPTS
PTT,KPTT
PTV,KPTV
PTY,MPTO
PTZ,SESM
PUB,KPUB
PUC,KPUC
PUF,LFBP
PUG,YPAG
PUJ,MDPC
PUQ,SCCI
PUS,RKPK
PUU,SKAS
PUW,KPUW
PUY,LDPL
PUZ,MNPC
PVD,KPVD
PVG,ZSPD
PVH,SBPV
PVK,LGPZ
PVO,SEPV
PVR,MMPR
PVU,KPVU
PVW,KPVW
PWA,KPWA
PWE,UHMP
PWK,KPWK
PWM,KPWM
PWT,KPWT
PXM,MMPS
PXO,LPPS
PXU,VVPK
PYH,SVPA
PYR,LGAD
PZB,FAPM
PZH,OPZB
PZU,HSPN
PZY,LZPP
QAK,KPCW
QAK,SBBQ
QDK,OPDG
QDV,SDJD
QGP,SNGN
QGU,RJNG
QLA,EGHL
QMA,KRYY
QMC,KMMV
QNB,KHZY
QNS,SBCO
QOX,ETSM
QPG,WSAP
QQF,KFKR
QQG,KDMW
QQU,KRQE
QQY,KHYI
QRA,FAGM
QRC,SCRG
QRE,SSKZ
QRO,MMQT
QUT,RJTU
RAC,KRAC
RAE,OERR
RAH,OERF
RAJ,VARK
RAK,GMMX
RAL,KRAL
RAO,SBRP
RAP,KRAP
RAR,NCRG
RAS,OIGG
RAT,USNR
RBA,GMME
RBD,KRBD
RBF,
RBL,KRBL
RBR,SBRB
RBW,KRBW
RCA,KRCA
RCH,SKRH
RCM,YRMD
RCO,LFDN
RCQ,SATR
RCR,KRCR
RCU,SAOC
RDD,KRDD
RDG,KRDG
RDM,KRDM
RDR,KRDR
RDU,KRDU
RDZ,LFCR
REC,SBRF
RED,KRVL
REG,LICR
REL,SAVT
REN,UWOO
REO,KREO
REP,VDSR
RES,SARE
REU,LERS
REX,MMRX
RFD,KRFD
RGA,SAWE
RGI,NTTG
RGL,SAWG
RGN,VYYY
RHE,LFSR
RHI,KRHI
RHO,LGRP
RIA,SBSM
RIC,KRIC
RID,KRID
RIF,KRIF
RIJ,SPJA
RIL,KRIL
RIM,SPLN
RIS,RJER
RIV,KRIV
RIW,KRIW
RIX,EVRA
RIY,OYRN
RJA,VORY
RJH,VGRJ
RJK,LDRI
RJN,OIKR
RKD,KRKD
RKE,EKRK
RKH,KUZA
RKP,KRKP
RKS,KRKS
RKT,OMRK
RKV,BIRK
RKW,KRKW
RLA,KVIH
RLG,ETNL
RME,KRME
RMF,HEMA
RMG,KRMG
RMI,LIPR
RMK,YREN
RML,VCCC
RMN,KRMN
RMS,ETAR
RNB,ESDF
RNC,KRNC
RND,KRND
RNG,
RNN,EKRN
RNO,KRNO
RNS,LFRN
RNT,KRNT
ROA,KROA
ROB,GLRB
ROC,KROC
ROG,KROG
ROK,YBRK
ROL,
ROO,SWRD
ROP,PGRO
ROR,PTRO
ROS,SAAR
ROV,URRR
ROW,KROW
RPR,VARP
RPX,KRPX
RQF,KIPJ
RQX,KITR
RQZ,KHRT
RRS,ENRO
RRT,KRRT
RSA,SAZR
RSD,MYER
RSN,KRSN
RST,KRST
RSU,RKJY
RSW,KRSW
RTA,LERT
RTB,MHRO
RTM,EHRD
RTN,KRTN
RTW,UWSS
RUH,OERK
RUI,KSRR
RUN,FMEE
RUP,VERU
RUT,KRUT
RVN,EFRO
RVR,
RVS,KRVS
RVY,SURV
RWI,KRWI
RWL,KRWL
RWN,UKLR
RXS,RPVR
RYK,OPRK
RZA,SAWU
RZE,EPRZ
SAA,KSAA
SAC,KSAC
SAD,KSAD
SAF,KSAF
SAH,OYSN
SAL,MSLP
SAN,KSAN
SAP,MHLM
SAT,KSAT
SAV,KSAV
SAW,LTFJ
SBA,KSBA
SBD,KSBD
SBK,LFRT
SBM,KSBM
SBN,KSBN
SBP,KSBP
SBU,FASB
SBW,WBGS
SBX,KSBX
SBY,KSBY
SBZ,LRSB
SCC,PASC
SCE,KUNV
SCF,KSDL
SCH,KSCH
SCK,KSCK
SCL,SCEL
SCN,EDDR
SCO,UATE
SCQ,LEST
SCT,OYSQ
SCU,MUCU
SCV,LRSV
SCW,UUYY
SCX,    
SCY,SEST
SDA,ORBS
SDA,KSDA
SDB,FALW
SDD,FNUB
SDE,SANE
SDF,KSDF
SDG,OICS
SDJ,RJSS
SDK,WBKS
SDL,ESNN
SDM,KSDM
SDQ,MDSD
SDR,LEXJ
SDT,OPSS
SDV,LLSD
SDX,KSEZ
SDY,KSDY
SEA,KSEA
SEB,HLLS
SEE,KSEE
SEF,KSEF
SEM,KSEM
SEN,EGMC
SER,KSER
SEZ,FSIA
SFA,DTTX
SFB,KSFB
SFD,SVSR
SFJ,BGSF
SFM,KSFM
SFN,SAAV
SFO,KSFO
SFQ,LTCH
SFS,RPLB
SFT,ESNS
SFZ,KSFZ
SGD,EKSB
SGE,EDGS
SGF,KSGF
SGH,KSGH
SGL,RPLS
SGN,VVTS
SGR,KSGR
SGS,RPMN
SGT,KSGT
SGU,KSGU
SGV,SAVS
SHA,ZSSS
SHB,RJCN
SHD,KSHD
SHE,ZYTX
SHH,PASH
SHI,RORS
SHJ,OMSJ
SHL,VEBI
SHM,RJBD
SHN,KSHN
SHO,RKND
SHR,KSHR
SHV,KSHV
SHW,OESH
SIC,LTCM
SID,GVAC
SIG,TJIG
SIK,KSIK
SIN,WSSS
SIO,YSMI
SIP,UKFF
SIR,LSGS
SIS,FASS
SIT,PASI
SIY,KSIY
SJA,SPJN
SJC,KSJC
SJD,MMSD
SJI,RPUH
SJJ,LQSA
SJK,SBSJ
SJL,SBUA
SJN,KSJN
SJO,MROC
SJP,SBSR
SJT,KSJT
SJU,TJSJ
SJW,ZBSJ
SJY,EFSI
SKA,KSKA
SKB,TKPK
SKD,UTSS
SKF,KSKF
SKG,LGTS
SKO,DNSO
SKP,LWSK
SKS,EKSP
SKT,OPST
SKU,LGSY
SKV,HESC
SKZ,OPSK
SLB,KSLB
SLC,KSLC
SLD,LZSL
SLE,KSLE
SLK,KSLK
SLL,OOSA
SLM,LESA
SLN,KSLN
SLP,MMSP
SLR,KSLR
SLT,    
SLU,TLPC
SLW,MMIO
SLZ,SBSL
SMA,LPAZ
SME,KSME
SMF,KSMF
SMI,LGSM
SMN,KSMN
SMR,SKSM
SMV,LSZS
SMX,KSMX
SNA,KSNA
SNC,SESA
SNH,YSPE
SNJ,MUSJ
SNK,KSNK
SNL,KSNL
SNN,EINN
SNR,LFRZ
SNS,KSNS
SNU,MUSC
SNY,KSNY
SNZ,SBSC
SOB,LHSM
SOC,WRSQ
SOF,LBSF
SOM,SVST
SON,NVSS
SOO,ESNY
SOP,KSOP
SOQ,WASS
SOU,EGHI
SOW,KSOW
SOX,SKSO
SOZ,LFKS
SPA,KSPA
SPC,GCLA
SPD,VGSD
SPF,KSPF
SPI,KSPI
SPM,ETAD
SPN,PGSN
SPP,FNME
SPS,KSPS
SPU,LDSP
SPW,KSPW
SPY,DISP
SPZ,KASG
SQI,KSQI
SQO,ESUD
SQQ,EYSA
SRC,KSRC
SRE,SLSU
SRG,WIIS
SRQ,KSRQ
SRT,HUSO
SRW,KRUQ
SRY,OINZ
SRZ,SLET
SSA,SBSV
SSC,KSSC
SSG,FGSL
SSH,HESH
SSI,KSSI
SSN,RKSM
STC,KSTC
STD,SVSO
STE,KSTE
STF,KSTF
STI,MDST
STJ,KSTJ
STL,KSTL
STM,SBSN
STN,EGSS
STP,KSTP
STR,EDDS
STS,KSTS
STT,TIST
STW,URMT
STX,TISX
STY,SUSO
SUA,KSUA
SUB,WRSJ
SUF,LICA
SUG,RPMS
SUJ,LRSM
SUM,KSMS
SUN,KSUN
SUO,
SUS,KSUS
SUU,KSUU
SUV,NFNA
SUW,KSUW
SUX,KSUX
SVB,FMNS
SVC,KSVC
SVG,ENZV
SVH,KSVH
SVI,SKSV
SVL,EFSA
SVN,KSVN
SVO,UUEE
SVP,FNKU
SVQ,LEZL
SVX,USSS
SWF,KSWF
SWO,KSWO
SWU,RKSW
SWW,KSWW
SXB,LFST
SXE,YMES
SXF,EDDB
SXI,OIBS
SXM,TNCM
SXQ,PASX
SXR,VISR
SXV,VOSM
SXX,SNFX
SXZ,LTCL
SYA,PASY
SYD,YSSY
SYI,KSYI
SYJ,OIKY
SYO,RJSY
SYR,KSYR
SYX,ZJSY
SYY,EGPO
SYZ,OISS
SZA,FNSO
SZB,WMSA
SZF,LTFH
SZG,LOWS
SZK,FASZ
SZL,KSZL
SZW,EDOP
SZX,ZGSZ
SZY,EPSY
SZZ,EPSC
TAB,TTCP
TAC,RPVA
TAD,KTAD
TAE,RKTN
TAG,RPVT
TAI,OYTZ
TAK,RJOT
TAM,MMTM
TAO,ZSQD
TAP,MMTP
TAR,LIBG
TAS,UTTT
TAT,LZTT
TAZ,UTAT
TBC,    
TBJ,DTKA
TBN,KTBN
TBO,HTTB
TBP,SPME
TBR,KTBR
TBS,UGTB
TBT,SBTT
TBU,NFTF
TBZ,OITT
TCA,YTNK
TCB,MYAT
TCC,KTCC
TCE,LRTC
TCL,KTCL
TCM,KTCM
TCN,MMHC
TCO,SKCO
TCP,HETB
TCQ,SPTN
TCS,KTCS
TCX,OIMT
TDD,SLTR
TDF,KTDF
TDL,SAZT
TDW,KTDW
TDZ,KTDZ
TEB,KTEB
TEC,SBTL
TED,EKTS
TEE,DABS
TEF,YTEF
TEQ,LTBU
TER,LPLA
TET,FQTT
TEW,OIBJ
TEX,KTEX
TFF,SBTF
TFN,GCXO
TFS,GCTS
TGA,WSAT
TGD,LYPG
TGG,WMKN
TGM,LRTM
TGR,DAUK
TGU,MHTG
TGZ,MMTG
THA,KTHA
THE,SBTE
THF,EDDI
THL,VYTL
THN,ESGT
THR,OIII
THU,BGTL
THV,KTHV
THZ,DRRT
TIA,LATI
TID,DAOB
TIF,OETF
TIJ,MMTJ
TIK,KTIK
TIM,WABP
TIP,HLLT
TIQ,PGWT
TIR,VOTP
TIV,LYTV
TIW,KTIW
TIX,KTIX
TJA,SLTJ
TJK,LTAW
TJM,USTR
TJQ,WIKD
TKD,DGTK
TKF,KTRK
TKG,WIIT
TKH,VTPI
TKK,PTKK
TKN,RJKN
TKS,RJOS
TKU,EFTU
TLC,MMTO
TLE,FMST
TLH,KTLH
TLL,EETN
TLM,DAON
TLN,LFTH
TLS,LFBO
TLV,LLBG
TMB,KTMB
TME,SKTM
TMJ,UTST
TML,DGLE
TMM,FMMT
TMO,SVTM
TMP,EFTP
TMR,DAAT
TMS,FPST
TMT,SBTB
TMW,YSTW
TMX,DAUT
TN2,KSRB
TN3,KLUG
TN4,KGZS
TN7,KBGF
TNA,ZSJN
TNG,GMTT
TNI,VIST
TNN,RCNN
TNP,KTNP
TNR,FMMI
TNT,KTNT
TNU,KTNU
TOA,KTOA
TOE,DTTZ
TOI,KTOI
TOJ,LETO
TOL,KTOL
TOM,GATB
TOP,KTOP
TOQ,SCBE
TOR,KTOR
TOS,ENTC
TOW,SBTD
TOY,RJNT
TPA,KTPA
TPC,SETR
TPE,RCTP
TPH,KTPH
TPL,KTPL
TPP,SPST
TPQ,MMEP
TPS,LICT
TRC,MMTC
TRD,ENVA
TRF,ENTO
TRG,NZTG
TRI,KTRI
TRK,WRLR
TRM,KTRM
TRN,LIMF
TRR,VCCT
TRS,LIPQ
TRU,SPRU
TRV,VOTV
TRW,NGTA
TRZ,VOTR
TSA,RCSS
TSE,UACC
TSF,LIPH
TSG,    
TSJ,RJDT
TSM,KSKX
TSN,ZBTJ
TSR,LRTR
TST,VTST
TSV,YBTL
TTA,GMAT
TTD,KTTD
TTH,OOTH
TTJ,RJOR
TTN,KTTN
TTT,RCQS
TTU,GMTN
TUA,SETU
TUC,SANT
TUD,GOTT
TUF,LFOT
TUG,RPUT
TUI,OETR
TUK,OPTU
TUL,KTUL
TUN,DTTA
TUP,KTUP
TUR,SBTU
TUS,KTUS
TUU,OETB
TUV,SVTC
TVC,KTVC
TVF,KTVF
TVI,KTVI
TVL,KTVL
TVP,UGGV
TVY,VYDW
TWF,KTWF
TWU,WBKW
TX1,KHQZ
TX3,KPIL
TXG,RCLG
TXK,KTXK
TXL,EDDT
TYF,ESST
TYL,SPYL
TYN,ZBYN
TYR,KTYR
TYS,KTYS
TYZ,KTYL
TZL,LQTZ
TZM,    
TZX,LTCG
UAB,LTAG
UAK,BGBW
UAM,PGUA
UAQ,SANU
UBA,SBUR
UBJ,RJDC
UBP,VTUU
UCA,KUCA
UCE,    
UCY,KUCY
UDD,KUDD
UDI,SBUL
UDJ,UKLU
UDR,VAUD
UEL,FQQL
